datetime,open,high,low,close,volume
2025-07-31T00:00:00+00:00,44563.63,44716.63,44535.13,44584.13,39247.99036724865
2025-07-31T12:00:00+00:00,44584.13,44645.63,44071.63,44133.96,327545
2025-08-01T00:00:00+00:00,44133.96,44178.96,43657.46,43800.46,100066
2025-08-01T12:00:00+00:00,43800.46,43906.46,43336.46,43596.46,459761
2025-08-03T12:00:00+00:00,43596.46,43645.99,43522.39,43630.49,8952.617013927245
2025-08-04T00:00:00+00:00,43630.49,43912.99,43620.99,43780.49,69249
2025-08-04T12:00:00+00:00,43780.49,44298.71,43772.49,44237.21,196829
2025-08-05T00:00:00+00:00,44237.21,44325.21,44119.21,44244.71,50532
2025-08-05T12:00:00+00:00,44244.71,44316.21,43933.21,44120.88,292705
2025-08-06T00:00:00+00:00,44120.88,44381.38,44115.38,44273.38,64635
2025-08-06T12:00:00+00:00,44273.38,44314.38,44022.88,44239.35,232127
2025-08-07T00:00:00+00:00,44239.35,44502.35,44204.35,44413.35,59222
2025-08-07T12:00:00+00:00,44413.35,44518.35,43802.35,44044.75,335837
2025-08-08T00:00:00+00:00,44044.75,44120.75,43981.75,44107.25,38753
2025-08-08T12:00:00+00:00,44107.25,44283.25,44019.75,44241.65,184319
2025-08-10T12:00:00+00:00,44241.65,44278.86,44207.36,44224.86,4463
2025-08-11T00:00:00+00:00,44224.86,44326.36,44209.36,44321.86,34087.524862461185
2025-08-11T12:00:00+00:00,44321.86,44322.36,43918.36,43982.42,180490
2025-08-12T00:00:00+00:00,43982.42,44098.92,43957.92,44000.92,49807.10497667185
2025-08-12T12:00:00+00:00,44000.92,44518.92,43992.42,44495.67,218486
2025-08-13T00:00:00+00:00,44495.67,44631.17,44422.67,44602.17,30603
2025-08-13T12:00:00+00:00,44602.17,44987.17,44590.67,44951.68,199905
2025-08-14T00:00:00+00:00,44951.68,44986.18,44883.18,44968.18,26787
2025-08-14T12:00:00+00:00,44968.18,45097.16,44691.68,45066.66,231634
2025-08-15T00:00:00+00:00,45066.66,45281.66,45047.66,45175.66,32932
2025-08-15T12:00:00+00:00,45175.66,45210.66,44894.66,44918.66,192122
2025-08-17T12:00:00+00:00,44918.66,45037.1,44918.66,45024.1,3084
2025-08-18T00:00:00+00:00,45024.1,45044.6,44827.6,44945.6,37602.97570104961
2025-08-18T12:00:00+00:00,44945.6,45008.6,44867.6,44930.67,158477
2025-08-19T00:00:00+00:00,44930.67,44975.67,44758.67,44974.17,32146
2025-08-19T12:00:00+00:00,44974.17,45213.67,44816.67,44937.07,203960
2025-08-20T00:00:00+00:00,44937.07,44938.57,44779.57,44907.57,46314
2025-08-20T12:00:00+00:00,44907.57,45052.07,44759.57,44905.27,313571
2025-08-21T00:00:00+00:00,44905.27,44954.77,44724.77,44781.27,51429
2025-08-21T12:00:00+00:00,44781.27,44898.77,44571.27,44845.38,254592
2025-08-22T00:00:00+00:00,44845.38,44938.88,44666.88,44899.38,49004
2025-08-22T12:00:00+00:00,44899.38,45761.88,44895.88,45652.88,337664
2025-08-24T12:00:00+00:00,45652.88,45676.68,45629.68,45646.68,5467
2025-08-25T00:00:00+00:00,45646.68,45663.18,45528.18,45542.68,27215.35207373272
2025-08-25T12:00:00+00:00,45542.68,45590.68,45265.68,45329.65,148212.10058619772
2025-08-26T00:00:00+00:00,45329.65,45353.65,45111.15,45228.15,75327
2025-08-26T12:00:00+00:00,45228.15,45467.47,45194.15,45438.47,161138
2025-08-27T00:00:00+00:00,45438.47,45473.97,45392.47,45437.47,22488.28930859502
2025-08-27T12:00:00+00:00,45437.47,45630.47,45380.47,45559.56,159476
2025-08-28T00:00:00+00:00,45559.56,45740.06,45528.06,45646.06,38611
2025-08-28T12:00:00+00:00,45646.06,45683.56,45440.06,45573.19,200489
2025-08-29T00:00:00+00:00,45573.19,45599.69,45440.69,45478.69,31674.493905191874
2025-08-29T12:00:00+00:00,45478.69,45607.69,45345.09,45541.19,222074
2025-08-31T12:00:00+00:00,45541.19,45670.55,45541.19,45645.05,3815
2025-09-01T00:00:00+00:00,45645.05,45686.05,45493.05,45512.55,46390
2025-09-01T12:00:00+00:00,45512.55,45598.55,45465.05,45501.7,21432.148186729646
2025-09-02T00:00:00+00:00,45501.7,45560.2,45223.2,45266.7,74602
2025-09-02T12:00:00+00:00,45266.7,45323.7,44929.2,45200.89,315764
2025-09-03T00:00:00+00:00,45200.89,45311.89,45096.89,45251.89,44280
2025-09-03T12:00:00+00:00,45251.89,45298.39,44969.89,45160.76,266360
2025-09-04T00:00:00+00:00,45160.76,45277.76,45152.26,45204.26,40924
2025-09-04T12:00:00+00:00,45204.26,45643.76,45162.26,45619.39,175166
2025-09-05T00:00:00+00:00,45619.39,45693.89,45541.39,45541.39,23352.59773478982
2025-09-05T12:00:00+00:00,45541.39,45762.89,45187.39,45373.39,375114
2025-09-07T12:00:00+00:00,45373.39,45508.99,45354.39,45491.99,8333
2025-09-08T00:00:00+00:00,45491.99,45525.49,45413.49,45452.49,36404
2025-09-08T12:00:00+00:00,45452.49,45591.75,45268.99,45564.25,196069
2025-09-09T00:00:00+00:00,45564.25,45620.25,45499.25,45576.75,35872
2025-09-09T12:00:00+00:00,45576.75,45761.25,45423.75,45606.06,222991
2025-09-10T00:00:00+00:00,45606.06,45699.56,45570.56,45639.06,33977.51997996298
2025-09-10T12:00:00+00:00,45639.06,45777.06,45367.06,45525.9,252748
2025-09-11T00:00:00+00:00,45525.9,45597.4,45474.9,45572.4,32661
2025-09-11T12:00:00+00:00,45572.4,46134.4,45496.4,46107.86,219788
2025-09-12T00:00:00+00:00,46107.86,46124.86,45972.86,45989.36,28376
2025-09-12T12:00:00+00:00,45989.36,46058.86,45793.86,45833.76,157677
2025-09-14T12:00:00+00:00,45833.76,45872.48,45785.98,45818.48,2651.125594265252
2025-09-15T00:00:00+00:00,45818.48,45929.48,45779.98,45896.48,44201.29296677459
2025-09-15T12:00:00+00:00,45896.48,45965.48,45754.48,45869.24,182341.06228356916
2025-09-16T00:00:00+00:00,45869.24,45936.24,45844.74,45873.74,40968.1476635514
2025-09-16T12:00:00+00:00,45873.74,45953.24,45644.24,45792.43,189210.21586469415
2025-09-17T00:00:00+00:00,45792.43,45802.43,45706.43,45773.93,33547.00506072874
2025-09-17T12:00:00+00:00,45773.93,46259.43,45671.43,46121.93,258839.71524271514
2025-09-18T00:00:00+00:00,46121.93,46352.43,46068.93,46249.43,52339
2025-09-18T12:00:00+00:00,46249.43,46305.93,45930.43,46218.85,236889.6689418848
2025-09-19T00:00:00+00:00,46218.85,46241.85,46031.35,46167.85,59538
2025-09-19T12:00:00+00:00,46167.85,46372.35,46070.85,46248.25,197369
2025-09-21T12:00:00+00:00,46248.25,46280.85,46218.85,46223.85,3475
2025-09-22T00:00:00+00:00,46223.85,46254.35,46105.85,46140.35,38394
2025-09-22T12:00:00+00:00,46140.35,46429.35,46008.35,46375.35,155089
2025-09-23T00:00:00+00:00,46375.35,46451.85,46351.85,46426.85,27637
2025-09-23T12:00:00+00:00,46426.85,46710.35,46200.35,46324.85,246502
2025-09-24T00:00:00+00:00,46324.85,46397.85,46283.85,46333.85,30957
2025-09-24T12:00:00+00:00,46333.85,46457.85,46083.85,46166.85,215768.1498165979
2025-09-25T00:00:00+00:00,46166.85,46217.85,46030.85,46042.35,41421.58616010855
2025-09-25T12:00:00+00:00,46042.35,46123.35,45776.85,45952.35,300608.7149017729
2025-09-26T00:00:00+00:00,45952.35,46080.85,45922.85,46023.85,54747
2025-09-26T12:00:00+00:00,46023.85,46355.35,46016.35,46273.85,269753
2025-09-28T12:00:00+00:00,46273.85,46326.35,46260.75,46310.35,4182
2025-09-29T00:00:00+00:00,46310.35,46491.35,46296.85,46424.85,38828
2025-09-29T12:00:00+00:00,46424.85,46473.35,46145.85,46318.35,204946.64653304443
2025-09-30T00:00:00+00:00,46318.35,46344.85,46168.85,46225.85,50990
2025-09-30T12:00:00+00:00,46225.85,46431.35,46101.85,46351.35,253329
2025-10-01T00:00:00+00:00,46351.35,46360.85,46058.85,46279.85,63138
2025-10-01T12:00:00+00:00,46279.85,46539.85,46211.85,46442.85,211850
2025-10-02T00:00:00+00:00,46442.85,46501.35,46392.35,46422.85,47878
2025-10-02T12:00:00+00:00,46422.85,46602.35,46277.85,46552.33,201163.64411235644
2025-10-03T00:00:00+00:00,46552.33,46692.33,46528.33,46629.33,28335.59034792368
2025-10-03T12:00:00+00:00,46629.33,47064.83,46568.83,46778.33,234476
2025-10-05T12:00:00+00:00,46778.33,46905.61,46778.33,46867.11,6765
2025-10-06T00:00:00+00:00,46867.11,46910.11,46796.11,46893.11,42447
2025-10-06T12:00:00+00:00,46893.11,46901.11,46440.11,46640.61,178302.50783289818
2025-10-07T00:00:00+00:00,46640.61,46762.61,46565.11,46732.11,37011
2025-10-07T12:00:00+00:00,46732.11,46893.11,46457.61,46603.11,235687.3280504693
2025-10-08T00:00:00+00:00,46603.11,46752.11,46586.11,46739.11,38151
2025-10-08T12:00:00+00:00,46739.11,46848.61,46519.11,46680.11,152334
2025-10-09T00:00:00+00:00,46680.11,46689.11,46568.11,46644.11,35963
2025-10-09T12:00:00+00:00,46644.11,46713.61,46284.11,46437.83,237578
2025-10-10T00:00:00+00:00,46437.83,46464.83,46373.33,46442.83,42030.29555181788
2025-10-10T12:00:00+00:00,46442.83,46666.33,45436.33,45517.73,620063
2025-10-12T12:00:00+00:00,45517.73,45883.33,45438.73,45828.83,25879.643844904556
2025-10-13T00:00:00+00:00,45828.83,46031.83,45763.83,45818.83,108113
2025-10-13T12:00:00+00:00,45818.83,46154.33,45772.83,46092.83,295044
2025-10-14T00:00:00+00:00,46092.83,46247.33,45668.83,45804.33,180027
2025-10-14T12:00:00+00:00,45804.33,46522.33,45441.33,46302.33,384734
2025-10-15T00:00:00+00:00,46302.33,46524.33,46271.33,46514.33,71882
2025-10-15T12:00:00+00:00,46514.33,46705.33,46024.83,46324.01,389533
2025-10-16T00:00:00+00:00,46324.01,46507.51,46268.01,46390.51,73256
2025-10-16T12:00:00+00:00,46390.51,46442.51,45788.01,45907.22,577369
2025-10-17T00:00:00+00:00,45907.22,46000.22,45419.22,45948.22,203687
2025-10-17T12:00:00+00:00,45948.22,46331.72,45908.72,46261.62,412093
2025-10-19T12:00:00+00:00,46261.62,46349.71,46211.21,46229.21,9250
2025-10-20T00:00:00+00:00,46229.21,46424.21,46156.71,46326.71,73763
2025-10-20T12:00:00+00:00,46326.71,46806.28,46298.71,46760.78,216263
2025-10-21T00:00:00+00:00,46760.78,46805.78,46654.78,46774.78,52922
2025-10-21T12:00:00+00:00,46774.78,47177.28,46716.78,46959.46,264877
2025-10-22T00:00:00+00:00,46959.46,47046.46,46926.46,46942.46,59585
2025-10-22T12:00:00+00:00,46942.46,47006.46,46489.46,46519.27,392814
2025-10-23T00:00:00+00:00,46519.27,46635.77,46454.27,46537.27,72106
2025-10-23T12:00:00+00:00,46537.27,46845.77,46501.77,46768.35,244785
2025-10-24T00:00:00+00:00,46768.35,46885.85,46742.85,46858.35,35008
2025-10-24T12:00:00+00:00,46858.35,47360.85,46836.35,47250.85,222877
2025-10-26T12:00:00+00:00,47250.85,47624.93,47250.85,47525.53,7015
2025-10-27T00:00:00+00:00,47525.53,47602.03,47462.03,47467.03,39986
2025-10-27T12:00:00+00:00,47467.03,47635.53,47413.03,47587.4,161341
2025-10-28T00:00:00+00:00,47587.4,47766.4,47554.9,47758.4,41916
2025-10-28T12:00:00+00:00,47758.4,47987.4,47696.4,47728.45,226323
2025-10-29T00:00:00+00:00,47728.45,47879.45,47610.95,47835.95,44328
2025-10-29T12:00:00+00:00,47835.95,48088.45,47490.45,47630.9,354893.1880821064
2025-10-30T00:00:00+00:00,47630.9,47798.9,47468.4,47516.4,134433
2025-10-30T12:00:00+00:00,47516.4,48050.9,47419.4,47615.99,432030
2025-10-31T00:00:00+00:00,47615.99,47654.49,47497.99,47620.99,53079
2025-10-31T12:00:00+00:00,47620.99,47738.99,47364.49,47576.39,315106
2025-11-02T12:00:00+00:00,47576.39,47739.07,47576.39,47722.07,4161
2025-11-03T00:00:00+00:00,47722.07,47767.07,47587.07,47641.57,52544
2025-11-03T12:00:00+00:00,47641.57,47670.07,47162.07,47325.64,266396
2025-11-04T00:00:00+00:00,47325.64,47329.64,46880.14,47046.14,115704
2025-11-04T12:00:00+00:00,47046.14,47308.14,46913.64,47181.79,371506
2025-11-05T00:00:00+00:00,47181.79,47221.79,46983.79,47134.29,141845
2025-11-05T12:00:00+00:00,47134.29,47494.29,47067.79,47407.79,300372
2025-11-06T00:00:00+00:00,47407.79,47408.29,47223.29,47333.79,77740
2025-11-06T12:00:00+00:00,47333.79,47412.29,46810.29,47050.14,466652
2025-11-07T00:00:00+00:00,47050.14,47083.64,46788.64,46893.64,125161
2025-11-07T12:00:00+00:00,46893.64,47075.64,46507.14,47056.04,487633
2025-11-09T12:00:00+00:00,47056.04,47265.81,47056.04,47153.31,3852
2025-11-10T00:00:00+00:00,47153.31,47230.81,47063.81,47219.81,69072
2025-11-10T12:00:00+00:00,47219.81,47437.81,46957.81,47421.7,239328
2025-11-11T00:00:00+00:00,47421.7,47447.7,47342.7,47408.7,63338
2025-11-11T12:00:00+00:00,47408.7,48012.2,47388.2,47960.88,236790
2025-11-12T00:00:00+00:00,47960.88,48060.38,47952.88,48007.38,47933
2025-11-12T12:00:00+00:00,48007.38,48455.88,47997.38,48264.28,281743
2025-11-13T00:00:00+00:00,48264.28,48434.28,48230.78,48272.78,77416
2025-11-13T12:00:00+00:00,48272.78,48287.28,47430.78,47529.86,486315
2025-11-14T00:00:00+00:00,47529.86,47566.86,47191.36,47229.36,122441
2025-11-14T12:00:00+00:00,47229.36,47383.86,46863.36,47177.76,492678
2025-11-16T12:00:00+00:00,47177.76,47183.6,47042.5,47159.6,8049
2025-11-17T00:00:00+00:00,47159.6,47310.1,47097.6,47177.6,81374
2025-11-17T12:00:00+00:00,47177.6,47230.6,46444.6,46659.77,469283
2025-11-18T00:00:00+00:00,46659.77,46695.27,46316.77,46384.27,171256
2025-11-18T12:00:00+00:00,46384.27,46396.27,45927.27,46170.93,684701
2025-11-19T00:00:00+00:00,46170.93,46225.93,46003.43,46187.43,138022
2025-11-19T12:00:00+00:00,46187.43,46359.3,45918.43,46352.8,546647
2025-11-20T00:00:00+00:00,46352.8,46498.8,46324.3,46368.3,85968
2025-11-20T12:00:00+00:00,46368.3,46880.8,45713.32,45849.32,853363
2025-11-21T00:00:00+00:00,45849.32,46029.82,45760.32,45891.32,182988
2025-11-21T12:00:00+00:00,45891.32,46592.32,45777.32,46317.72,794889
2025-11-23T12:00:00+00:00,46317.72,46503.11,46317.72,46424.61,5974
2025-11-24T00:00:00+00:00,46424.61,46454.61,46172.61,46310.11,110646
2025-11-24T12:00:00+00:00,46310.11,46604.11,46115.11,46444.55,352698
2025-11-25T00:00:00+00:00,46444.55,46455.55,46362.55,46406.55,67576
2025-11-25T12:00:00+00:00,46406.55,47196.55,46347.55,47166.81,385991
2025-11-26T00:00:00+00:00,47166.81,47276.31,47146.31,47174.31,50950
2025-11-26T12:00:00+00:00,47174.31,47581.31,47124.81,47434.37,259295
2025-11-27T00:00:00+00:00,47434.37,47490.37,47396.37,47431.37,30678
2025-11-27T12:00:00+00:00,47431.37,47519.27,47402.11,47515.77,15328.187400701103
2025-11-28T00:00:00+00:00,47515.77,47537.27,47487.67,47501.77,2070
2025-11-28T12:00:00+00:00,47501.77,47755.77,47420.67,47703.27,71867
2025-11-30T12:00:00+00:00,47703.27,47740.61,47640.11,47667.61,6072
2025-12-01T00:00:00+00:00,47667.61,47680.11,47419.61,47517.11,80404
2025-12-01T12:00:00+00:00,47517.11,47679.11,47259.07,47270.57,283396
2025-12-02T00:00:00+00:00,47270.57,47382.57,47208.07,47342.57,48687
2025-12-02T12:00:00+00:00,47342.57,47608.57,47268.07,47542.75,312776
2025-12-03T00:00:00+00:00,47542.75,47616.75,47485.75,47555.75,39907
2025-12-03T12:00:00+00:00,47555.75,48025.75,47374.25,47942.9,296419
2025-12-04T00:00:00+00:00,47942.9,47970.9,47891.4,47952.4,35619
2025-12-04T12:00:00+00:00,47952.4,48068.4,47693.4,47833.84,293533.74480819167
2025-12-05T00:00:00+00:00,47833.84,47936.84,47823.34,47899.34,34757
2025-12-05T12:00:00+00:00,47899.34,48126.34,47759.34,47948.34,250354
2025-12-07T12:00:00+00:00,47948.34,47977.57,47930.72,47940.07,2516
2025-12-08T00:00:00+00:00,47940.07,47985.58,47896.07,47949.58,33122
2025-12-08T12:00:00+00:00,47949.58,48004.58,47606.82,47771.23,208521
2025-12-09T00:00:00+00:00,47771.23,47812.24,47667.24,47785.74,44048
2025-12-09T12:00:00+00:00,47785.74,47953.48,47523.62,47539.12,241482
2025-12-10T00:00:00+00:00,47539.12,47602.13,47470.63,47526.13,41532
2025-12-10T12:00:00+00:00,47526.13,48194.37,47451.37,48100.45,357531.52229512844
2025-12-11T00:00:00+00:00,48100.45,48106.45,47809.45,48020.96,79175
2025-12-11T12:00:00+00:00,48020.96,48833.28,48015.96,48754.28,334731
2025-12-12T00:00:00+00:00,48754.28,48867.29,48725.28,48764.79,47227
2025-12-12T12:00:00+00:00,48764.79,48866.03,48308.53,48477.93,426890
2025-12-14T12:00:00+00:00,48477.93,48503.29,48408.44,48499.79,1177
2025-12-15T00:00:00+00:00,48499.79,48682.3,48487.79,48668.3,68088
2025-12-15T12:00:00+00:00,48668.3,48705.3,48266.04,48418.78,360064
2025-12-16T00:00:00+00:00,48418.78,48435.78,48240.43,48401.29,82694
2025-12-16T12:00:00+00:00,48401.29,48507.29,47930.03,48049.46,482113.4508300116
2025-12-17T00:00:00+00:00,48049.46,48213.47,47987.46,48195.47,70673.48269955465
2025-12-17T12:00:00+00:00,48195.47,48373.71,47845.71,47867.53,456638
2025-12-18T00:00:00+00:00,47867.53,48024.54,47789.03,48012.18,77729
2025-12-18T12:00:00+00:00,48012.18,48362.78,47837.78,47898.6,414363.05670903955
2025-12-19T00:00:00+00:00,47898.6,48026.11,47769.6,47950.11,72054
2025-12-19T12:00:00+00:00,47950.11,48276.35,47904.11,48144.11,247908
2025-12-21T12:00:00+00:00,48144.11,48256.6,48144.11,48220.6,2473
2025-12-22T00:00:00+00:00,48220.6,48224.6,48119.61,48142.61,32958
2025-12-22T12:00:00+00:00,48142.61,48449.85,48130.61,48350.6,182448
2025-12-23T00:00:00+00:00,48350.6,48396.61,48304.1,48340.11,23120
2025-12-23T12:00:00+00:00,48340.11,48521.85,48200.11,48409.6,137610
2025-12-24T00:00:00+00:00,48409.6,48429.1,48380.11,48400.11,14246.611929623914
2025-12-24T12:00:00+00:00,48400.11,48763.35,48361.35,48693.75,72207
2025-12-26T00:00:00+00:00,48800.19,48821.04,48714.55,48730.55,69394.11335406954
2025-12-26T12:00:00+00:00,48730.55,48865.79,48670.29,48697.11,121118
2025-12-28T12:00:00+00:00,48702.1,48751.6,48702.1,48739.1,1689
2025-12-29T00:00:00+00:00,48739.1,48769.1,48665.11,48722.11,33057
2025-12-29T12:00:00+00:00,48722.11,48722.11,48383.35,48470.6,159159
2025-12-30T00:00:00+00:00,48470.6,48495.61,48413.11,48477.61,25058.68825764429
2025-12-30T12:00:00+00:00,48477.61,48491.85,48300.35,48402.6,137700
2025-12-31T00:00:00+00:00,48402.6,48402.6,48299.61,48320.61,25432
2025-12-31T12:00:00+00:00,48320.61,48413.61,48055.14999999961,48085.64999999961,145932.4688059119
2026-01-02T00:00:00+00:00,48192.09,48238.09,48086.28,48215.28,77267.61961747098
2026-01-02T12:00:00+00:00,48215.28,48357.54,47760.02,48332.18,340455
2026-01-04T12:00:00+00:00,48328.03,48389.53,48312.03,48342.53,6356
2026-01-05T00:00:00+00:00,48342.53,48418.54,48304.53,48381.04,48834
2026-01-05T12:00:00+00:00,48381.04,49195.28,48288.54,48945.3,280225
2026-01-06T00:00:00+00:00,48945.3,49002.8,48828.81,48865.31,39791.74226367105
2026-01-06T12:00:00+00:00,48865.31,49500.3,48860.81,49473.8,226261
2026-01-07T00:00:00+00:00,49473.8,49549.8,49461.81,49491.81,32969.72118047368
2026-01-07T12:00:00+00:00,49491.81,49617.55,48924.81,49012.3,238330
2026-01-08T00:00:00+00:00,49012.3,49024.8,48803.81,48819.31,50628
2026-01-08T12:00:00+00:00,48819.31,49354.81,48755.31,49292.3,278220
2026-01-09T00:00:00+00:00,49292.3,49305.3,49213.31,49252.81,37918
2026-01-09T12:00:00+00:00,49252.81,49556.55,49171.05,49470.31,271673
2026-01-11T12:00:00+00:00,49470.31,49510.05,49411.7,49438.05,5483
2026-01-12T00:00:00+00:00,49438.05,49439.55,49069.06,49135.06,71323
2026-01-12T12:00:00+00:00,49135.06,49633.8,48991.8,49537.55,209955
2026-01-13T00:00:00+00:00,49537.55,49616.56,49482.56,49585.06,31577
2026-01-13T12:00:00+00:00,49585.06,49688.56,49063.8,49158.05,299947
2026-01-14T00:00:00+00:00,49158.05,49179.05,49007.06,49045.06,47706
2026-01-14T12:00:00+00:00,49045.06,49197.8,48856.8,49101.55,378256
2026-01-15T00:00:00+00:00,49101.55,49234.06,49078.05,49198.06,58991
2026-01-15T12:00:00+00:00,49198.06,49598.8,49095.06,49489.05,267349
2026-01-16T00:00:00+00:00,49489.05,49567.55,49452.06,49456.06,30251
2026-01-16T12:00:00+00:00,49456.06,49617.8,49241.8,49363.06,263306
2026-01-18T12:00:00+00:00,49363.06,49363.06,48999.05,49125.05,7199
2026-01-19T00:00:00+00:00,49125.05,49125.05,48889.06,48940.56,75098
2026-01-19T12:00:00+00:00,48940.56,49059.56,48907.8,48971.83,47467.80099166912
2026-01-20T00:00:00+00:00,48971.83,48994.83,48535.84,48762.34,100708
2026-01-20T12:00:00+00:00,48762.34,48943.08,48459.58,48547.65,456394
2026-01-21T00:00:00+00:00,48547.65,48651.16,48411.16,48414.66,58317
2026-01-21T12:00:00+00:00,48414.66,49341.9,48345.66,49178.94,552008
2026-01-22T00:00:00+00:00,49178.94,49334.45,49115.44,49259.45,64822
2026-01-22T12:00:00+00:00,49259.45,49654.69,49230.45,49382.78,320496
2026-01-23T00:00:00+00:00,49382.78,49476.78,49278.29,49299.79,53767
2026-01-23T12:00:00+00:00,49299.79,49333.79,48976.03,49034.43,259980
2026-01-25T12:00:00+00:00,49034.43,49034.43,48723.43,48967.93,9999
2026-01-26T00:00:00+00:00,48967.93,49173.94,48964.93,49109.94,81865
2026-01-26T12:00:00+00:00,49109.94,49517.68,49105.94,49279.7,224590
2026-01-27T00:00:00+00:00,49279.7,49441.21,49256.7,49290.21,38932
2026-01-27T12:00:00+00:00,49290.21,49311.71,48884.95,49016.35,215581
2026-01-28T00:00:00+00:00,49016.35,49109.35,49006.86,49056.86,49436
2026-01-28T12:00:00+00:00,49056.86,49174.6,48872.36,48907.25,337949
2026-01-29T00:00:00+00:00,48907.25,49317.26,48870.25,49111.76,89010
2026-01-29T12:00:00+00:00,49111.76,49332.5,48611,48985.14,479577
2026-01-30T00:00:00+00:00,48985.14,49014.64,48588.65,48931.15,142930
2026-01-30T12:00:00+00:00,48931.15,49063.39,48464.89,48852.79,535733
2026-02-01T12:00:00+00:00,48852.79,48902.66,48669.31,48883.16,11713
2026-02-02T00:00:00+00:00,48883.16,48949.16,48414.66,48878.67,203523
2026-02-02T12:00:00+00:00,48878.67,49511.91,48721.91,49443.84,332956
2026-02-03T00:00:00+00:00,49443.84,49507.35,49364.35,49397.85,56138
2026-02-03T12:00:00+00:00,49397.85,49680.09,48846.59,49315.64,622777
2026-02-04T00:00:00+00:00,49315.64,49462.65,49272.14,49447.65,81131
2026-02-04T12:00:00+00:00,49447.65,49676.89,49133.39,49484.89,611744
2026-02-05T00:00:00+00:00,49484.89,49590.89,49331.9,49554.4,138157
2026-02-05T12:00:00+00:00,49554.4,49612.9,48702.4,48732.9,663359
2026-02-06T00:00:00+00:00,48732.9,49211.91,48631.4,49199.41,161199
2026-02-06T12:00:00+00:00,49199.41,50194.65,49121.41,50119.55,460045
2026-02-08T12:00:00+00:00,50119.55,50277.36,50119.55,50240.86,12074
2026-02-09T00:00:00+00:00,50240.86,50263.36,50034.87,50079.37,93522
2026-02-09T12:00:00+00:00,50079.37,50238.61,49847.11,50106.51,281821
2026-02-10T00:00:00+00:00,50106.51,50224.52,50092.51,50172.02,51089
2026-02-10T12:00:00+00:00,50172.02,50539.26,50035.02,50287.87,312167
2026-02-11T00:00:00+00:00,50287.87,50354.37,50203.38,50238.88,58131
2026-02-11T12:00:00+00:00,50238.88,50518.62,49911.12,50121.95,514744
2026-02-12T00:00:00+00:00,50121.95,50334.96,50105.45,50303.96,61263
2026-02-12T12:00:00+00:00,50303.96,50460.2,49422.63,49470.63,649919
2026-02-13T00:00:00+00:00,49470.63,49511.13,49224.64,49308.64,126813
2026-02-13T12:00:00+00:00,49308.64,49743.38,49081.38,49455.64,614817
2026-02-15T12:00:00+00:00,49455.64,49561.18,49444.68,49532.68,6749
2026-02-16T00:00:00+00:00,49532.68,49759.69,49506.18,49713.69,46722
2026-02-16T12:00:00+00:00,49713.69,49745.69,49497.43,49596.19,73305.0517755409
2026-02-17T00:00:00+00:00,49596.19,49602.69,49292.69,49473.2,104441
2026-02-17T12:00:00+00:00,49473.2,49728.44,49174.94,49485.45,644814
2026-02-18T00:00:00+00:00,49485.45,49813.46,49481.45,49723.46,48888
2026-02-18T12:00:00+00:00,49723.46,49906.2,49429.2,49653.14,320941
2026-02-19T00:00:00+00:00,49653.14,49726.65,49455.15,49521.65,67785
2026-02-19T12:00:00+00:00,49521.65,49611.39,49196.39,49409.15,434421
2026-02-20T00:00:00+00:00,49409.15,49547.66,49336.66,49346.66,54527
2026-02-20T12:00:00+00:00,49346.66,49714.9,49148.4,49623.3,559597
2026-02-22T12:00:00+00:00,49623.3,49627.61,49495.61,49537.61,7849
2026-02-23T00:00:00+00:00,49537.61,49545.62,49298.61,49465.62,65341
2026-02-23T12:00:00+00:00,49465.62,49722.86,48737.36,48847.9,467147
2026-02-24T00:00:00+00:00,48847.9,48974.41,48783.41,48941.91,66057
2026-02-24T12:00:00+00:00,48941.91,49304.65,48763.65,49189.07,306210
2026-02-25T00:00:00+00:00,49189.07,49335.08,49093.07,49333.58,54855
2026-02-25T12:00:00+00:00,49333.58,49545.08,49206.32,49396.73,229769
2026-02-26T00:00:00+00:00,49396.73,49485.24,49368.74,49482.74,46379
2026-02-26T12:00:00+00:00,49482.74,49839.48,49185.52999999999,49230.02999999999,428067.511876179
2026-02-27T00:00:00+00:00,49230.02999999999,49367.53999999999,49129.03999999999,49158.03999999999,74184
2026-02-27T12:00:00+00:00,49158.03999999999,49215.03999999999,48672.77999999999,48891.28,434231
2026-03-01T12:00:00+00:00,48891.28,48891.28,48355.59,48373.94,20731
2026-03-02T00:00:00+00:00,48373.94,48674.94,48111.45,48427.45,183033
2026-03-02T12:00:00+00:00,48427.45,49066.69,48356.45,48821.27,408236
2026-03-03T00:00:00+00:00,48821.27,48841.77,47889.28,48046.28,256403
2026-03-03T12:00:00+00:00,48046.28,48692.52,47621.02,48407.58,653152
2026-03-04T00:00:00+00:00,48407.58,48666.09,48209.08,48513.09,306491
2026-03-04T12:00:00+00:00,48513.09,48859.33,48349.33,48751.14,414600
2026-03-05T00:00:00+00:00,48751.14,48834.14,48430.65,48605.15,208267
2026-03-05T12:00:00+00:00,48605.15,48676.15,47563.89,48013.13,580405
2026-03-06T00:00:00+00:00,48013.13,48077.63,47670.14,47689.64,172787
2026-03-06T12:00:00+00:00,47689.64,47736.14,46981.38,47423.28,645949
2026-03-08T12:00:00+00:00,47423.28,47423.28,46371.09,46607.09,41915
2026-03-09T00:00:00+00:00,46607.09,47123.1,46291.09,46876.1,344713
2026-03-09T12:00:00+00:00,46876.1,47880.84,46602.34,47532.33,613131
2026-03-10T00:00:00+00:00,47532.33,47946.34,47458.33,47657.84,238286
2026-03-10T12:00:00+00:00,47657.84,48220.08,47431.08,47742.64,563886
2026-03-11T00:00:00+00:00,47742.64,47929.14,47507.15,47615.65,159347
2026-03-11T12:00:00+00:00,47615.65,47717.65,46893.65,47007.65,556678
2026-03-12T00:00:00+00:00,47007.65,47197.66,46786.15,47070.16,150350
2026-03-12T12:00:00+00:00,47070.16,47081.66,46649.66,46723.69,577652
2026-03-13T00:00:00+00:00,46723.69,46943.69,46408.7,46875.7,217771
2026-03-13T12:00:00+00:00,46875.7,47108.94,46477.94,46532.84,522485
2026-03-15T12:00:00+00:00,46532.84,46722.21,46370.21,46636.21,37327
2026-03-16T00:00:00+00:00,46636.21,46832.72,46568.22,46823.72,299042
2026-03-16T12:00:00+00:00,46823.72,47182.96,46812.96,46923.72,278427
2026-03-17T00:00:00+00:00,46923.72,46958.23,46672.73,46899.23,298179
2026-03-17T12:00:00+00:00,46899.23,47420.97,46896.23,46939.96,412381
2026-03-18T00:00:00+00:00,46939.96,47298.97,46932.96,47144.97,133115
2026-03-18T12:00:00+00:00,47144.97,47155.47,46043.97,46148.64,528988
2026-03-19T00:00:00+00:00,46148.64,46302.14,46007.79,46085.79,326140
2026-03-19T12:00:00+00:00,46085.79,46243.39,45721.89,46092.58,503038.33459528
2026-03-20T00:00:00+00:00,46092.58,46198.08,45666.09,45859.59,144705
2026-03-20T12:00:00+00:00,45859.59,46021.83,45315.83,45718.73,457710
2026-03-22T12:00:00+00:00,45718.73,45718.73,45191.08,45511.08,29975
2026-03-23T00:00:00+00:00,45511.08,46896.59,45138.59,46185.59,353347.5878787879
2026-03-23T12:00:00+00:00,46185.59,46712.83,46087.59,46272.58,500864
2026-03-24T00:00:00+00:00,46272.58,46343.09,45865.58,46158.09,288573
2026-03-24T12:00:00+00:00,46158.09,46600.59,45744.83,46440.08,533223
2026-03-25T00:00:00+00:00,46440.08,46669.09,46374.58,46601.09,202544
2026-03-25T12:00:00+00:00,46601.09,46740.33,46185.83,46358.58,437593
2026-03-26T00:00:00+00:00,46358.58,46457.08,46030.59,46033.09,180804
2026-03-26T12:00:00+00:00,46033.09,46551.83,45887.09,46166.58,445444
2026-03-27T00:00:00+00:00,46166.58,46227.58,45715.09,45797.09,180686
2026-03-27T12:00:00+00:00,45797.09,45806.09,44997.09,45043.73,453565
2026-03-29T12:00:00+00:00,45043.73,45043.73,44798.23,44864.48,41781
2026-03-30T00:00:00+00:00,44864.48,45661.98,44808.98,45443.48,273820
2026-03-30T12:00:00+00:00,45443.48,45626.33,45052.93000000001,45156.58000000001,496803.845422455
2026-03-31T00:00:00+00:00,45156.58000000001,45824.08000000001,45041.08000000001,45707.58000000001,341396
2026-03-31T12:00:00+00:00,45707.58000000001,46419.08000000001,45478.43000000001,46404.08000000001,776096
2026-04-01T00:00:00+00:00,46404.08000000001,46751.58000000001,46350.08000000001,46725.58000000001,180226
2026-04-01T12:00:00+00:00,46725.58000000001,46851.08000000001,46473.58000000001,46568.15000000001,513593
2026-04-02T00:00:00+00:00,46568.15000000001,46693.15000000001,45888.65000000001,45889.15000000001,255067
2026-04-02T12:00:00+00:00,45889.15000000001,46754.00000000001,45843.65000000001,46516.65000000001,610141.4559820727
2026-04-03T00:00:00+00:00,46516.65000000001,46556.65000000001,46359.15000000001,46436.15000000001,35998
2026-04-03T12:00:00+00:00,46436.15000000001,46666.65000000001,46361.65000000001,46399.65000000001,15935
2026-04-05T12:00:00+00:00,46401.55,46401.55,46151.32,46280.82,26985.481400379904
2026-04-06T00:00:00+00:00,46280.82,46633.32,46269.82,46470.32,140285.0836068347
2026-04-06T12:00:00+00:00,46470.32,46855.32,46374.67,46740.82,309299
2026-04-07T00:00:00+00:00,46740.82,46853.32,46458.32,46514.82,213260
2026-04-07T12:00:00+00:00,46514.82,47639.82,46241.17,47564.82,508309
2026-04-08T00:00:00+00:00,47564.82,47967.82,47468.32,47912.32,158444
2026-04-08T12:00:00+00:00,47912.32,48085.67,47614.17,47922.61,426653
2026-04-09T00:00:00+00:00,47922.61,47971.61,47732.61,47796.61,108666
2026-04-09T12:00:00+00:00,47796.61,48386.96,47754.46,48207.2,368300
2026-04-10T00:00:00+00:00,48207.2,48256.7,48114.2,48219.7,66514
2026-04-10T12:00:00+00:00,48219.7,48350.2,47905.05,47983.95,254848
2026-04-12T12:00:00+00:00,47983.95,47983.95,47354.369999999995,47454.369999999995,17056
2026-04-13T00:00:00+00:00,47454.369999999995,47807.869999999995,47418.369999999995,47452.869999999995,84645
2026-04-13T12:00:00+00:00,47452.869999999995,48279.56999999999,47435.869999999995,48244.06999999999,273884.87821424665
2026-04-14T00:00:00+00:00,48244.06999999999,48357.56999999999,48166.06999999999,48276.56999999999,57420.672968829844
2026-04-14T12:00:00+00:00,48276.56999999999,48630.42,48212.42,48582.869999999995,225514
2026-04-15T00:00:00+00:00,48582.869999999995,48662.369999999995,48490.869999999995,48593.369999999995,54567
2026-04-15T12:00:00+00:00,48593.369999999995,48736.219999999994,48308.219999999994,48568.31,210501.67140639553
2026-04-16T00:00:00+00:00,48568.31,48606.81,48480.81,48583.81,36374
2026-04-16T12:00:00+00:00,48583.81,48705.38999999999,48361.159999999996,48688.38999999999,232271
2026-04-17T00:00:00+00:00,48688.38999999999,48853.38999999999,48654.88999999999,48848.38999999999,34504
2026-04-17T12:00:00+00:00,48848.38999999999,49761.24,48835.88999999999,49494.88,330799
2026-04-19T12:00:00+00:00,49494.88,49494.88,48922.52999999999,49001.77999999999,16807
2026-04-20T00:00:00+00:00,49001.77999999999,49267.77999999999,48972.77999999999,49235.77999999999,79970
2026-04-20T12:00:00+00:00,49235.77999999999,49575.88,49213.77999999999,49545.38,249048.90086722487
2026-04-21T00:00:00+00:00,49545.38,49820.88,49494.88,49758.38,55726
2026-04-21T12:00:00+00:00,49758.38,49882.729999999996,49067.729999999996,49387.03999999999,423597
2026-04-22T00:00:00+00:00,49387.03999999999,49493.53999999999,49344.03999999999,49487.03999999999,66304
2026-04-22T12:00:00+00:00,49487.03999999999,49654.38999999999,49263.03999999999,49339.899999999994,239489.053918145
2026-04-23T00:00:00+00:00,49339.899999999994,49340.399999999994,48977.899999999994,49291.399999999994,118705
2026-04-23T12:00:00+00:00,49291.399999999994,49551.74999999999,48884.74999999999,49311.59,366773
2026-04-24T00:00:00+00:00,49311.59,49446.09,49100.59,49322.59,97672
2026-04-24T12:00:00+00:00,49322.59,49363.939999999995,49090.939999999995,49265.83,260482
2026-04-26T12:00:00+00:00,49265.83,49265.83,49087.91,49138.41,7979
2026-04-27T00:00:00+00:00,49138.41,49242.91,49107.41,49200.41,62583
2026-04-27T12:00:00+00:00,49200.41,49381.76,49048.76,49260.69,195515
2026-04-28T00:00:00+00:00,49260.69,49413.69,49183.19,49310.19,91787
2026-04-28T12:00:00+00:00,49310.19,49412.04000000001,49096.04000000001,49250.00000000001,278204.023234694
2026-04-29T00:00:00+00:00,49250.00000000001,49287.50000000001,49116.50000000001,49163.00000000001,66547
2026-04-29T12:00:00+00:00,49163.00000000001,49190.00000000001,48650.21000000001,48727.96000000001,321385.69460331724
2026-04-30T00:00:00+00:00,48727.96000000001,49270.96000000001,48482.96000000001,49160.96000000001,134704
2026-04-30T12:00:00+00:00,49160.96000000001,49823.030000000006,49060.810000000005,49782.030000000006,245696
2026-05-01T00:00:00+00:00,49782.030000000006,49862.030000000006,49737.530000000006,49839.530000000006,29361
2026-05-01T12:00:00+00:00,49839.530000000006,50014.880000000005,49491.04,49495.54,222826
2026-05-03T12:00:00+00:00,49495.54,49725.61,49495.54,49621.11,8653
2026-05-04T00:00:00+00:00,49621.11,49627.61,49147.11,49366.61,120212
2026-05-04T12:00:00+00:00,49366.61,49483.96,48941.96,49020.950000000004,320045
2026-05-05T00:00:00+00:00,49020.950000000004,49195.950000000004,48989.950000000004,49171.950000000004,58604
2026-05-05T12:00:00+00:00,49171.950000000004,49487.29,49051.3,49426.29,194068
2026-05-06T00:00:00+00:00,49426.29,49995.29,49392.79,49850.79,111259
2026-05-06T12:00:00+00:00,49850.79,50067.14,49666.79,49932.11,261304.0762270202
2026-05-07T00:00:00+00:00,49932.11,50154.61,49929.61,50025.61,68875
2026-05-07T12:00:00+00:00,50025.61,50175.46,49520.46,49651.41,341575
2026-05-08T00:00:00+00:00,49651.41,49804.91,49634.41,49785.91,70959
2026-05-08T12:00:00+00:00,49785.91,49889.41,49517.26,49644.65,227028
2026-05-10T12:00:00+00:00,49644.65,49644.65,49380.4,49464.65,9869.869372225745
2026-05-11T00:00:00+00:00,49464.65,49618.65,49387.15,49523.15,62244
2026-05-11T12:00:00+00:00,49523.15,49780.5,49472,49716.21,268290.71418916265
2026-05-12T00:00:00+00:00,49716.21,49724.71,49553.71,49673.21,81138
2026-05-12T12:00:00+00:00,49673.21,49834.060000000005,49307.060000000005,49731.07,338969
2026-05-13T00:00:00+00:00,49731.07,49809.07,49613.07,49646.57,59700
2026-05-13T12:00:00+00:00,49646.57,49845.62,49450.420000000006,49820.12,272251.1341008594
2026-05-14T00:00:00+00:00,49820.12,50112.62,49791.62,50079.62,70355
2026-05-14T12:00:00+00:00,50079.62,50212.47,49873.97,50013.53,312780.85232174577
2026-05-15T00:00:00+00:00,50013.53,50017.03,49646.03,49703.53,156751
2026-05-15T12:00:00+00:00,49703.53,49752.880000000005,49361.27,49411.52,374551
2026-05-17T12:00:00+00:00,49411.52,49500.31,49318.31,49394.31,22657
2026-05-18T00:00:00+00:00,49394.31,49468.81,49097.31,49373.31,196867
2026-05-18T12:00:00+00:00,49373.31,49790.159999999996,49364.81,49696.03,405609
2026-05-19T00:00:00+00:00,49696.03,49777.03,49535.03,49547.03,150727
2026-05-19T12:00:00+00:00,49547.03,49644.53,49261.88,49431.14,362265
2026-05-20T00:00:00+00:00,49431.14,49552.14,49239.14,49492.64,162191
2026-05-20T12:00:00+00:00,49492.64,50103.49,49248.49,49924.35999999999,386610
2026-05-21T00:00:00+00:00,49924.35999999999,50225.35999999999,49836.10999999999,49945.35999999999,136918
2026-05-21T12:00:00+00:00,49945.35999999999,50411.71,49716.71,50390.35999999999,458400
2026-05-22T00:00:00+00:00,50390.35999999999,50528.85999999999,50370.85999999999,50493.35999999999,74200
2026-05-22T12:00:00+00:00,50493.35999999999,50854.71,50484.85999999999,50578.7,295360
2026-05-24T12:00:00+00:00,50578.7,50930.18,50578.7,50881.18,10259
2026-05-25T00:00:00+00:00,50881.18,51112.68,50876.18,51094.18,51190
2026-05-25T12:00:00+00:00,51094.18,51180.03,50935.17,50968.17,45538.520869268745
2026-05-26T00:00:00+00:00,50968.17,50976.67,50811.67,50892.67,67398
2026-05-26T12:00:00+00:00,50892.67,50896.67,50372.02,50546.92,252567
2026-05-27T00:00:00+00:00,50546.92,50749.92,50520.42,50533.42,46291
2026-05-27T12:00:00+00:00,50533.42,50848.77,50459.92,50684.67,288450.1499470775
2026-05-28T00:00:00+00:00,50684.67,50753.17,50539.67,50597.17,89734
2026-05-28T12:00:00+00:00,50597.17,50815.02,50348.52,50703.31,235165.32506203474
2026-05-29T00:00:00+00:00,50703.31,50873.31,50670.31,50869.31,48166
2026-05-29T12:00:00+00:00,50869.31,51108.66,50698.16,51007.56,283455
2026-05-31T12:00:00+00:00,51007.56,51059.49999999999,50934.49999999999,51045.49999999999,6438
2026-06-01T00:00:00+00:00,51045.49999999999,51322.49999999999,51023.49999999999,51239.99999999999,46915
2026-06-01T12:00:00+00:00,51239.99999999999,51246.99999999999,50762.84999999999,50918.049999999996,275979
2026-06-02T00:00:00+00:00,50918.049999999996,51015.549999999996,50803.049999999996,50838.549999999996,54045
2026-06-02T12:00:00+00:00,50838.549999999996,51374.399999999994,50772.549999999996,51335.27999999999,248238
2026-06-03T00:00:00+00:00,51335.27999999999,51351.77999999999,51109.77999999999,51188.27999999999,52150
2026-06-03T12:00:00+00:00,51188.27999999999,51201.13,50674.77999999999,50741.189999999995,300946.71839398553
2026-06-04T00:00:00+00:00,50741.189999999995,51147.189999999995,50680.689999999995,51135.189999999995,99455
2026-06-04T12:00:00+00:00,51135.189999999995,51679.53999999999,51109.189999999995,51566.469999999994,298214
2026-06-05T00:00:00+00:00,51566.469999999994,51746.969999999994,51513.469999999994,51643.969999999994,87405
2026-06-05T12:00:00+00:00,51643.969999999994,51698.469999999994,50674.71,50700.96,510189
2026-06-07T12:00:00+00:00,50700.96,50812.579999999994,50528.579999999994,50763.579999999994,31519
2026-06-08T00:00:00+00:00,50763.579999999994,51016.579999999994,50578.079999999994,50955.579999999994,186663
2026-06-08T12:00:00+00:00,50955.579999999994,51236.43,50621.759999999995,50709.759999999995,467575
2026-06-09T00:00:00+00:00,50709.759999999995,50950.759999999995,50594.759999999995,50829.259999999995,141712
2026-06-09T12:00:00+00:00,50829.259999999995,51225.11,50171.61,50710.47,815762
2026-06-10T00:00:00+00:00,50710.47,50814.47,50220.97,50389.97,193618
2026-06-10T12:00:00+00:00,50389.97,50733.82,49667.52,49745.02,734161.3575674985
2026-06-11T00:00:00+00:00,49745.02,50316.02,49736.02,50300.52,199910
2026-06-11T12:00:00+00:00,50300.52,50927.369999999995,50008.369999999995,50875.5,768092
2026-06-12T00:00:00+00:00,50875.5,51264,50749.5,51159.5,402751
2026-06-12T12:00:00+00:00,51159.5,51359.85,50769.35,51220.51,690520
2026-06-14T12:00:00+00:00,51220.51,51583.33,51220.51,51531.83,46998
2026-06-15T00:00:00+00:00,51531.83,51748.33,51517.33,51685.33,225393
2026-06-15T12:00:00+00:00,51685.33,51969.68,51644.33,51703.18,326939
2026-06-16T00:00:00+00:00,51703.18,51833.68,51682.93,51765.68,200970
2026-06-16T12:00:00+00:00,51765.68,52211.53,51756.68,52070.22,355072.0528239493
2026-06-17T00:00:00+00:00,52070.22,52127.22,51958.22,52004.72,107234
2026-06-17T12:00:00+00:00,52004.72,52296.07,51401.47,51759.39,523836.927889025
2026-06-18T00:00:00+00:00,51759.39,51865.39,51587.89,51629.39,116654
2026-06-18T12:00:00+00:00,51629.39,51960.24,51547.74,51597.39,382231
2026-06-19T00:00:00+00:00,51597.39,51598.89,51385.39,51459.39,50350
2026-06-19T12:00:00+00:00,51459.39,51575.89,51384.39,51449.31000000001,41423.11698992723
2026-06-21T12:00:00+00:00,51457.75,51497,51328.25,51382.5,18197.89649988945
2026-06-22T00:00:00+00:00,51382.5,51718.5,51360,51665,115829
2026-06-22T12:00:00+00:00,51665,51925.35,51626.35,51780,348406
2026-06-23T00:00:00+00:00,51780,51890,51319.5,51552.5,172988
2026-06-23T12:00:00+00:00,51552.5,51910.35,51322.35,51730.5,423239
2026-06-24T00:00:00+00:00,51730.5,51814.5,51599.5,51810.5,157505
2026-06-24T12:00:00+00:00,51810.5,52314.35,51571.5,51977,538036.3020440086
2026-06-25T00:00:00+00:00,51977,52111,51865.5,51986.5,100458
2026-06-25T12:00:00+00:00,51986.5,52741.35,51938.75,52052,637621
2026-06-26T00:00:00+00:00,52052,52130,51824.5,51935.5,193553
2026-06-26T12:00:00+00:00,51935.5,52201.85,51667.35,51847.75,525140
2026-06-28T12:00:00+00:00,51847.75,52157.26,51847.75,52110.26,19907
2026-06-29T00:00:00+00:00,52110.26,52203.26,51963.26,52170.76,130997
2026-06-29T12:00:00+00:00,52170.76,52406.61,52030.11,52228.3,362245
2026-06-30T00:00:00+00:00,52228.3,52425.3,52178.8,52326.8,82361
2026-06-30T12:00:00+00:00,52326.8,52476.65,52096.15,52294.8,250490
2026-07-01T00:00:00+00:00,52294.8,52348.8,52148.3,52240.8,88466
2026-07-01T12:00:00+00:00,52240.8,52827.65,52103.65,52334.75,307328.56827338814
2026-07-02T00:00:00+00:00,52334.75,52509.25,52277.25,52457.75,85410
2026-07-02T12:00:00+00:00,52457.75,52964.75,52438.25,52956.75,508708
2026-07-03T00:00:00+00:00,52956.75,53137.75,52811.25,52842.25,56085
2026-07-03T12:00:00+00:00,52842.25,52984.6,52811.25,52827.609999999986,30638.381372026488
2026-07-05T12:00:00+00:00,52951.59,53059.19999999999,52939.19999999999,53057.19999999999,6791.765957446809
2026-07-06T00:00:00+00:00,53057.19999999999,53111.19999999999,52908.19999999999,52918.69999999999,73667
2026-07-06T12:00:00+00:00,52918.69999999999,53251.69999999999,52763.049999999996,53175.69999999999,236666.87241003272
2026-07-07T00:00:00+00:00,53175.69999999999,53343.69999999999,53153.19999999999,53329.69999999999,57210
2026-07-07T12:00:00+00:00,53329.69999999999,53467.19999999999,52890.049999999996,52957.69999999999,294273
2026-07-08T00:00:00+00:00,52957.69999999999,53029.69999999999,52290.69999999999,52512.19999999999,169482
2026-07-08T12:00:00+00:00,52512.19999999999,52638.69999999999,52164.549999999996,52428.19999999999,384641.9492847854
2026-07-09T00:00:00+00:00,52428.19999999999,52592.69999999999,52333.69999999999,52421.69999999999,87886
2026-07-09T12:00:00+00:00,52421.69999999999,52698.049999999996,52381.549999999996,52590.19999999999,235793
2026-07-10T00:00:00+00:00,52590.19999999999,52737.69999999999,52546.19999999999,52665.19999999999,48807
2026-07-10T12:00:00+00:00,52665.19999999999,52828.049999999996,52348.549999999996,52704.09,219632
2026-07-12T12:00:00+00:00,52704.09,52849.23999999999,52704.09,52785.73999999999,6372.233264737925
2026-07-13T00:00:00+00:00,52785.73999999999,52961.23999999999,52634.23999999999,52823.23999999999,87551
2026-07-13T12:00:00+00:00,52823.23999999999,53092.59,52582.09,52682.73999999999,291878
2026-07-14T00:00:00+00:00,52682.73999999999,52756.23999999999,52244.73999999999,52451.73999999999,182903
2026-07-14T12:00:00+00:00,52451.73999999999,52965.59,52404.73999999999,52862.73999999999,339655
2026-07-15T00:00:00+00:00,52862.73999999999,52923.73999999999,52697.23999999999,52810.23999999999,53555
2026-07-15T12:00:00+00:00,52810.23999999999,53088.09,52679.59,52918.23999999999,276351.8834909108
2026-07-16T00:00:00+00:00,52918.23999999999,53065.23999999999,52841.73999999999,52990.23999999999,83344
2026-07-16T12:00:00+00:00,52990.23999999999,53116.09,52620.09,52712.73999999999,294943
2026-07-17T00:00:00+00:00,52712.73999999999,52723.73999999999,52341.23999999999,52524.23999999999,130855
2026-07-17T12:00:00+00:00,52524.23999999999,52851.09,52118.09,52172.34,385499
2026-07-19T12:00:00+00:00,52172.34,52178.29,52048.54,52164.79,17551
2026-07-20T00:00:00+00:00,52164.79,52431.79,52080.29,52389.79,112464
2026-07-20T12:00:00+00:00,52389.79,52443.64,51810.64,51912.29,273665
2026-07-21T00:00:00+00:00,51912.29,52139.79,51852.29,52014.79,80591
2026-07-21T12:00:00+00:00,52014.79,52407.64,51906.14,52251.29,191299
2026-07-22T00:00:00+00:00,52251.29,52303.29,52092.29,52129.29,109521
2026-07-22T12:00:00+00:00,52129.29,52546.64,52095.29,52260.79,200085
2026-07-23T00:00:00+00:00,52260.79,52351.29,51932.79,51986.79,109954
2026-07-23T12:00:00+00:00,51986.79,51987.79,51567.64,51724.32,404044
2026-07-24T00:00:00+00:00,51724.32,52035.82,51713.32,51961.32,113961
2026-07-24T12:00:00+00:00,51961.32,52153.17,51716.17,51917.68,349198
2026-07-26T12:00:00+00:00,51917.68,52309.41,51917.68,52288.41,10570
2026-07-27T00:00:00+00:00,52288.41,52554.91,52174.91,52535.41,98206
2026-07-27T12:00:00+00:00,52535.41,52627.26,52010.26,52249.07000000001,385584
2026-07-28T00:00:00+00:00,52249.07000000001,52619.57000000001,52135.07000000001,52615.07000000001,152445
2026-07-28T12:00:00+00:00,52615.07000000001,52951.420000000006,52462.420000000006,52816.68,355635
2026-07-29T00:00:00+00:00,52816.68,52880.68,52598.68,52612.18,121255
2026-07-29T12:00:00+00:00,52612.18,52612.18,51479.68,51785.490000000005,558832
2026-07-30T00:00:00+00:00,51785.490000000005,51929.990000000005,51600.990000000005,51894.490000000005,219930
2026-07-30T12:00:00+00:00,51894.490000000005,52385.23,51682.840000000004,52364.73,380235
2026-07-31T00:00:00+00:00,52364.73,52625.23,52345.73,52546.73,94695
2026-07-31T12:00:00+00:00,52546.73,52656.08,52007.58,52507.57,323975
